"Country Name","Country Code","Indicator Name","Indicator Code","1960","1961","1962","1963","1964","1965","1966","1967","1968","1969","1970","1971","1972","1973","1974","1975","1976","1977","1978","1979","1980","1981","1982","1983","1984","1985","1986","1987","1988","1989","1990","1991","1992","1993","1994","1995","1996","1997","1998","1999","2000","2001","2002","2003","2004","2005","2006","2007","2008","2009","2010","2011","2012","2013","2014","2015","2016","2017","2018","2019","2020","2021","2022","2023",
"Aruba","ABW","Children out of school, primary, male","SE.PRM.UNER.MA","","","","","","","","","","","","","","","","","","","","","","","","","","","","","","","","","","","","","","","","54","","","","","","","","","","","","","","","","","","","","","","","","",
"Africa Eastern and Southern","AFE","Children out of school, primary, male","SE.PRM.UNER.MA","","","","","","","","","","","","","","","","","","","","","","","","","","","","","","","","","","","","","","","","","","","","","","","","","","","","","","","","","","","","","","","","",
"Afghanistan","AFG","Children out of school, primary, male","SE.PRM.UNER.MA","","","","","","","","","","","","","","","479683","","","","","","","","","","","","","","","","","","","553103","","","","","","","","","","","","","","","","","","","","","","","","","","","","","","",
"Africa Western and Central","AFW","Children out of school, primary, male","SE.PRM.UNER.MA","","","","","","","","","","","","","","","","","","","","","","","","","","","","","","","","","","","","","","","","","","","","","","","","","","","","","","","","","","","","","","","","",
"Angola","AGO","Children out of school, primary, male","SE.PRM.UNER.MA","","","","","","","","","","","","","","","","","","","","","","","236414","258898","","","","","","","","","","","","","","","448531","","","","","","","","","","124313","149930","117887","72058","","","","","","","","","","","","",
"Albania","ALB","Children out of school, primary, male","SE.PRM.UNER.MA","","","","","","","","","","","","","","","","","","","","","","","","","","","","","","","","","","","","","","","","","","","","","176","","","","","","","","","","","","","","","","1179","3368","5686","",
"Andorra","AND","Children out of school, primary, male","SE.PRM.UNER.MA","","","","","","","","","","","","","","","","","","","","","","","","","","","","","","","","","","","","","","","","","","","","","","","","","","","","","","","188","198","192","187","160","154","205","164","140","",
"Arab World","ARB","Children out of school, primary, male","SE.PRM.UNER.MA","","","","","","","","","","","","","","","","","","","","","","","","","","","","","","","","","","","","","","","","","","","","","","","","","","","","","","","","","","","","","","","","",
"United Arab Emirates","ARE","Children out of school, primary, male","SE.PRM.UNER.MA","","","","","","","","","","","","","","","","","","","7989","","12056","15931","12481","15636","18052","21590","24394","18865","17384","13357","9259","7333","8731","13838","15778","14165","18166","22142","15210","","","","10234","11454","13931","13702","14002","15487","","27018","26264","24586","","","","","","","","","","","","",
"Argentina","ARG","Children out of school, primary, male","SE.PRM.UNER.MA","","","","","","","","","","","96028","","","","65798","78547","","","","","","","","","","","","","","","","99867","","","","","","","","","","","","","","","","","","","","","","","","","","","","","","","","",
"Armenia","ARM","Children out of school, primary, male","SE.PRM.UNER.MA","","","","","","","","","","","","","","","","","","","","","","","","","","","","","","","","","","","","","","","","","","","14814","11887","","9637","8142","6010","","","","4596","4105","1456","987","","","","","2153","3639","6108","7498","",
"American Samoa","ASM","Children out of school, primary, male","SE.PRM.UNER.MA","","","","","","","","","","","","","","","","","","","","","","","","","","","","","","","","","","","","","","","","","","","","","","","","","","","","","","","","","","","","","","","","",
"Antigua and Barbuda","ATG","Children out of school, primary, male","SE.PRM.UNER.MA","","","","","","","","","","","","","","","","","","","","","","","","","","","","","","","","","","","","","","","","","","","","","","","","","","","","","","272","72","","","","","","","","","",
"Australia","AUS","Children out of school, primary, male","SE.PRM.UNER.MA","","","","","","","","","","","","20396","","33198","34349","12886","9434","","","3626","9123","10384","15066","16018","24402","25725","23518","22240","19714","18804","17416","19532","21947","24545","25238","43754","41398","44624","43278","44070","47841","8088","","16588","13978","8489","7176","","","","","30270","27116","","","","","","3085","3645","8118","5729","4640","",
"Austria","AUT","Children out of school, primary, male","SE.PRM.UNER.MA","","","","","","","","","","","","","","","","","","","","","","","","","","","","","","22560","","","","","","","","","","1981","3777","3255","3647","3820","3220","3253","3051","2218","2167","2430","2021","3533","2986","2126","1856","2141","3226","1967","1929","1855","1864","1441","2817","",
"Azerbaijan","AZE","Children out of school, primary, male","SE.PRM.UNER.MA","","","","","","","","","","","","","","","","","","","","","","","","","","","","","","","","","","","","","","","","","29822","38105","37274","36573","34765","31950","28984","36402","36214","30733","32323","23500","17642","185","","","","8799","12763","34346","33109","26875","13068","",
"Burundi","BDI","Children out of school, primary, male","SE.PRM.UNER.MA","","","","","","","","","","","","","","218128","","","","","262501","","271236","270680","260828","243458","231538","221270","218570","208777","209957","","","","","259402","","","","","","","307157","253067","241504","226040","229160","209122","110799","66609","23041","46682","26275","25815","35762","68888","63488","85042","103985","149231","183090","209267","211326","232049","246025","",
"Belgium","BEL","Children out of school, primary, male","SE.PRM.UNER.MA","","","","","","","","","","","","","","","","","","12793","","10806","8229","11957","7471","18761","19219","20886","18261","18963","20825","","","21552","22064","6160","5357","4336","3960","","","3935","7034","","","","2534","2483","2989","3593","4080","4544","4751","7804","7002","6728","6873","7138","7606","5621","5528","5578","5029","6030","","",
"Benin","BEN","Children out of school, primary, male","SE.PRM.UNER.MA","","","","","","","","","","","","","","","","","","","","","","","","","124593","124356","138887","","152618","156999","215390","","173691","157292","162339","155093","150853","138819","","","","","","","","","59997","","42124","1555","","","","","","","","","28139","71264","81045","50664","26653","",
"Burkina Faso","BFA","Children out of school, primary, male","SE.PRM.UNER.MA","","","","","","","","","","","","367975","375900","","","","","412767","419598","426792","433159","438303","440829","447681","452815","454809","459917","465996","482594","501292","","533840","548354","558722","565070","566417","","","581312","589111","588862","591309","619145","608304","603151","564095","539699","493572","439667","421585","513205","472794","482233","493176","496505","496599","428962","432730","412360","455458","527757","556526","635559","",
"Bangladesh","BGD","Children out of school, primary, male","SE.PRM.UNER.MA","","","","","","","","","","","1728526","","","514284","","","89222","732722","869758","","","1616301","","1635756","2006002","2136775","2248048","2360441","1910651","2003300","1926679","","","","","","","","","","","","","","","455454","514802","","791808","999806","829516","","","","","","","","","","","","","",
"Bulgaria","BGR","Children out of school, primary, male","SE.PRM.UNER.MA","","","","","","","","","","","","","","","","","","","","","","","","","","","","","","","","","","","","","9336","7785","","","1188","1762","","","","","","","","1580","1240","2210","3380","3877","3853","4564","6294","8556","10483","13632","16936","18731","","",
"Bahrain","BHR","Children out of school, primary, male","SE.PRM.UNER.MA","","","","","","","","","","","","5066","5560","5947","5323","4118","3980","3181","3392","3565","4063","5453","6472","6441","6017","5108","3420","3607","2435","2408","","4017","6574","6976","7360","6876","6554","6684","5830","5321","6608","6396","6366","6925","6207","5612","3114","","","","","3472","1519","","","","","","1219","1668","","","5319","",
"Bahamas, The","BHS","Children out of school, primary, male","SE.PRM.UNER.MA","","","","","","","","","","","","","","","","","1021","659","","","","","","","","","","","","","","","1642","1609","","","","","","4251","","","","","3765","3026","3398","2976","3061","4102","4362","2715","3707","","","","","","","","","","","",
"Bosnia and Herzegovina","BIH","Children out of school, primary, male","SE.PRM.UNER.MA","","","","","","","","","","","","","","","","","","","","","","","","","","","","","","","","","","","","","","","","","","","","","","","","","","11570","11171","10271","11088","10780","10446","10108","8520","7545","8488","","11185","12117","12179","",
"Belarus","BLR","Children out of school, primary, male","SE.PRM.UNER.MA","","","","","","","","","","","","","","","","","","","","","","","","","","","","","","","","","","","","42177","","","","","","","","","","","","","","","","","4454","8273","7643","8065","6305","5978","7974","9677","10544","11182","8671","",
"Belize","BLZ","Children out of school, primary, male","SE.PRM.UNER.MA","","","","","","","","","","","","","","","","","","","","","","","","","","","","","","","","","","","","","","","","339","418","605","","","","","","452","327","448","491","308","","31","","","","","","","","1506","2336","",
"Bermuda","BMU","Children out of school, primary, male","SE.PRM.UNER.MA","","","","","","","","","","","","","","","","","","","473","512","","","","","","","","","","","","","","","","","","","","","","","","","","","","","","","","","","","","","","","","","","","","",
"Bolivia","BOL","Children out of school, primary, male","SE.PRM.UNER.MA","","","","","","","","","","","","","","","","","","","","","","","","","","","","","","","","","","","","","","","1692","","","","","","","","","","","11340","31303","49292","69026","73337","76804","77225","72984","62511","51077","43184","37699","31479","26027","",
"Brazil","BRA","Children out of school, primary, male","SE.PRM.UNER.MA","","","","","","","","","","","","","","","","","","","","","","","","","","","","","","","","","","","","","","","","","","","","","","","","","","","","","495994","297627","279379","337852","329821","358763","397177","321682","272499","359875","","",
"Barbados","BRB","Children out of school, primary, male","SE.PRM.UNER.MA","","","","","","","","","","","","2162","1419","1211","","","599","","","","","","","","","","","","","349","345","","1067","","","","","","","","49","","","","11","350","117","196","145","369","184","71","","","499","384","271","427","325","175","225","379","606","",
"Brunei Darussalam","BRN","Children out of school, primary, male","SE.PRM.UNER.MA","","","","","","","","","","","","","","","","","","1301","1001","2108","1892","2410","2706","2612","2498","","2326","","","","","2863","3494","4021","4539","4052","","","","","","","","","","","","","","","","","","","","","","","","1013","609","","","",
"Bhutan","BTN","Children out of school, primary, male","SE.PRM.UNER.MA","","","","","","","","","","","","","","","","","","","20036","19815","","","","","","","","","","","","","","","","","","","19710","19710","19466","19044","","","","16158","13613","","10224","7663","6546","6095","5258","5860","","6580","6670","6532","5539","","3993","3466","3965","",
"Botswana","BWA","Children out of school, primary, male","SE.PRM.UNER.MA","","","","","","","","","","","32923","35431","36192","37532","36096","33113","31086","28728","28643","27922","25031","21113","","18405","18662","17179","16392","16423","17183","17061","19156","16656","17491","19001","20637","36065","36164","","33358","34591","33630","31417","30813","30299","26041","27130","24781","26537","27802","27704","","","25681","26828","27960","","","","","","","37962","","",
"Central African Republic","CAF","Children out of school, primary, male","SE.PRM.UNER.MA","","","","","","","","","","","","71951","70083","69865","","","","90057","89857","","","75776","67916","57192","","","57090","81857","90257","94127","75517","94417","","","","","","","","","","","","","","182303","185286","157714","128289","129423","125412","142268","139453","","","","","25815","","","","","","",
"Canada","CAN","Children out of school, primary, male","SE.PRM.UNER.MA","","","","","","","","","","","","","","","","","","","","","","","50755","46092","46175","48783","51715","55011","57749","51852","68396","33314","31271","42169","39339","56093","51117","","27811","16606","8255","","","","","","","","","","","","8595","7677","5081","","10005","6863","4547","21030","22710","42394","","",
"Central Europe and the Baltics","CEB","Children out of school, primary, male","SE.PRM.UNER.MA","","","","","","","","","","","","","","","","","","","","","","","","","","","","","","","","","","","","","","","","","","","","","","","","","","","","","","","","","","","","","","","","",
"Switzerland","CHE","Children out of school, primary, male","SE.PRM.UNER.MA","","","","","","","","","","","","","","","","","","72513","65444","","","55388","53924","53494","52211","50770","48986","47425","46034","44703","43809","43444","43015","45292","46926","27272","23967","","","","","","","","","","","","","","","2336","3413","","","99","242","342","427","378","452","802","808","",
"Channel Islands","CHI","Children out of school, primary, male","SE.PRM.UNER.MA","","","","","","","","","","","","","","","","","","","","","","","","","","","","","","","","","","","","","","","","","","","","","","","","","","","","","","","","","","","","","","","","",
"Chile","CHL","Children out of school, primary, male","SE.PRM.UNER.MA","","","","","","","","","","","","","","","","","","","","","","","","","","","","","","","","","","","","","","","","","","","","","","","","23315","21169","34893","24073","24888","23406","22990","19821","18009","16703","15476","12457","9833","13629","12692","4869","",
"China","CHN","Children out of school, primary, male","SE.PRM.UNER.MA","","","","","","","","","","","","","","","","","","","","","","","","","","","","","","901903","3036143","3739816","4595033","4961843","5260221","4913210","4735287","4335628","","","","","","","","","","","","","","","","","","","","","","","","","","",
"Cote d'Ivoire","CIV","Children out of school, primary, male","SE.PRM.UNER.MA","","","","","","","","","","","","","","","","","","235049","","","","","","","","","","","","","","","","","","","468353","467136","","489205","528256","502278","509777","628656","","","","","","742423","","","","620416","524045","472388","298821","291738","198183","182255","144541","171637","144985","86759",
"Cameroon","CMR","Children out of school, primary, male","SE.PRM.UNER.MA","","","","","","","","","","","","146014","163021","179011","204238","169564","169747","185313","180626","180828","185083","","","","","","","","180126","","202666","230679","","","","","","","","","","","","","","","","","","","","63452","","","","","7852","43418","277826","81583","","","","",
"Congo, Dem. Rep.","COD","Children out of school, primary, male","SE.PRM.UNER.MA","","","","","","","","","","","","242878","299337","","","335798","","","","325742","","","","347845","350549","","","","787461","","","999705","1101911","1172862","1138559","769535","","","","2497024","","","","","","","","","","","","","","","","","","","","","","","","",
"Congo, Rep.","COG","Children out of school, primary, male","SE.PRM.UNER.MA","","","","","","","","","","","","","20195","","14160","","14228","","10540","9757","22973","23893","22554","21746","18254","","","","","","","","","","","","","","","","","","","","","151941","123891","","","","40512","","53979","","","196986","","","91506","","","","","",
"Colombia","COL","Children out of school, primary, male","SE.PRM.UNER.MA","","","","","","","","","","","","","","","","","","","","","","","","","","","560132","","","","","643718","","","","","","","","69769","31627","86445","91899","","4587","","","","","","","","34710","","","75009","114789","90074","101669","110051","132716","148304","158138","",
"Comoros","COM","Children out of school, primary, male","SE.PRM.UNER.MA","","","","","","","","","","","","","","","","","","","","","","","","","","","","8747","","","","","","","11981","","","","","17828","15185","","","","","","","13553","","","","","","3786","4246","","","4962","7333","","","","","",
"Cabo Verde","CPV","Children out of school, primary, male","SE.PRM.UNER.MA","","","","","","","","","","","","","","","","","","","","","","4481","5355","6513","5598","5146","5166","5230","4266","","3974","","","","3350","","","","707","","1375","1838","2030","2152","3095","2937","2929","3315","3317","3137","2902","2977","2658","2895","2970","3177","3409","3647","3549","3607","3884","3472","","",
"Costa Rica","CRI","Children out of school, primary, male","SE.PRM.UNER.MA","","","","","","","","","","","20498","","16939","14869","","16383","13170","","15386","18653","19807","20568","24430","","","27519","26545","26901","","28880","31089","32014","","","","","","","","","","","","","","","","","","","","","4282","8051","12447","13670","13386","16264","8795","6932","9246","10929","10882","",
"Caribbean small states","CSS","Children out of school, primary, male","SE.PRM.UNER.MA","","","","","","","","","","","","","","","","","","","","","","","","","","","","","","","","","","","","","","","","","","","","","","","","","","","","","","","","","","","","","","","","",
"Cuba","CUB","Children out of school, primary, male","SE.PRM.UNER.MA","","","","","","","","","","","","","45763","24128","18598","","","","","27959","24039","32457","26402","13931","19786","25530","24804","18488","14464","17128","21991","22289","17858","20206","19459","22241","7184","","","","","","","75","","2247","6770","1625","6462","4721","5740","9174","8429","2081","9565","10336","10124","10853","10334","9738","8064","9014","18547","",
"Curacao","CUW","Children out of school, primary, male","SE.PRM.UNER.MA","","","","","","","","","","","","","","","","","","","","","","","","","","","","","","","","","","","","","","","","","","","","","","","","","","","","","","","","","","","","","","","","",
"Cayman Islands","CYM","Children out of school, primary, male","SE.PRM.UNER.MA","","","","","","","","","","","","","","","","","","","","","","","","","","","","","","","","","","","","","","","","","","","18","","52","171","81","13","95","","","34","","","","","","","","128","66","107","49","",
"Cyprus","CYP","Children out of school, primary, male","SE.PRM.UNER.MA","","","","","","","","","","","","","","","","","","","","","","","","","","","","","","","","","","","","","","","","","765","759","430","359","382","320","91","137","","","","","361","563","739","426","538","434","100","","","","","",
"Czechia","CZE","Children out of school, primary, male","SE.PRM.UNER.MA","","","","","","","","","","","","","","","","","","","","","","","","","","","","","","","","","","","","","","","","","","","","","","","","","","1390","2659","3564","1452","3259","4951","6351","7591","9139","6588","5877","4725","4789","","",
"Germany","DEU","Children out of school, primary, male","SE.PRM.UNER.MA","","","","","","","","","","","","","","","","","","","","","","","","","","","","","","","","","","","","","","","","","","","40532","39516","32783","29034","34670","28133","24402","25571","15862","10068","14479","14217","19107","14191","29575","20137","16978","18047","21627","26897","","",
"Djibouti","DJI","Children out of school, primary, male","SE.PRM.UNER.MA","","","","","","","","","","","","","","","","","","","","","","","","","","23000","23339","24363","25999","27767","30906","","37686","34876","35965","34776","34817","35972","","37351","38642","38131","38173","","37098","36859","35662","34923","29344","31231","","28980","","29434","24777","28334","29847","28332","26628","23689","22831","22373","21782","",
"Dominica","DMA","Children out of school, primary, male","SE.PRM.UNER.MA","","","","","","","","","","","","","","","","565","582","494","","1019","993","1417","841","","","","","","","","","","","","","","","","","","","","","","","","108","270","297","141","","","","","","81","111","","","455","372","408","393","",
"Denmark","DNK","Children out of school, primary, male","SE.PRM.UNER.MA","","","","","","","","","","","","","","","","","","","","","","1621","1700","2359","1960","2130","1224","746","","","","","2508","4844","3213","5381","5206","","4492","992","496","515","","","6631","4366","2560","1332","1536","1208","1437","1395","1132","1312","1958","1892","1714","1490","1019","1012","956","1173","1398","",
"Dominican Republic","DOM","Children out of school, primary, male","SE.PRM.UNER.MA","","","","","","","","","","","","","","","","","","","","","","","","","","","","","","","","","","","","","","","","93569","79230","","22264","40987","92799","85475","95185","54003","75799","","11911","18869","26587","30424","41781","20572","25489","30988","34056","24771","26111","64961","47271","",
"Algeria","DZA","Children out of school, primary, male","SE.PRM.UNER.MA","","","","","","","","","","","","","","267044","187527","134163","149247","206672","209632","223841","212888","215027","224881","230820","195074","178599","153987","133158","119937","123652","146122","143389","150527","181971","195311","188661","197565","194256","","116059","95996","47103","17668","11957","7851","1584","7820","17886","9878","","","","","","","","","","","","","","","",
"East Asia & Pacific (excluding high income)","EAP","Children out of school, primary, male","SE.PRM.UNER.MA","","","","","","","","","","","","","","","","","","","","","","","","","","","","","","","","","","","","","","","","","","","","","","","","","","","","","","","","","","","","","","","","",
"Early-demographic dividend","EAR","Children out of school, primary, male","SE.PRM.UNER.MA","","","","","","","","","","","","","","","","","","","","","","","","","","","","","","","","","","","","","","","","","","","","","","","","","","","","","","","","","","","","","","","","",
"East Asia & Pacific","EAS","Children out of school, primary, male","SE.PRM.UNER.MA","","","","","","","","","","","","","","","","","","","","","","","","","","","","","","","","","","","","","","","","","","","","","","","","","","","","","","","","","","","","","","","","",
"Europe & Central Asia (excluding high income)","ECA","Children out of school, primary, male","SE.PRM.UNER.MA","","","","","","","","","","","","","","","","","","","","","","","","","","","","","","","","","","","","","","","","","","","","","","","","","","","","","","","","","","","","","","","","",
"Europe & Central Asia","ECS","Children out of school, primary, male","SE.PRM.UNER.MA","","","","","","","","","","","","","","","","","","","","","","","","","","","","","","","","","","","","","","","","","","","","","","","","","","","","","","","","","","","","","","","","",
"Ecuador","ECU","Children out of school, primary, male","SE.PRM.UNER.MA","","","","","","","","","","","","122975","","126652","125395","133653","134036","115360","103621","82429","93079","","","","","","","","","","","","","","100491","96017","86122","62357","57922","58507","50096","38696","25337","23237","","30451","19870","","30938","","","","","","","","","","","","26869","40262","49136","",
"Egypt, Arab Rep.","EGY","Children out of school, primary, male","SE.PRM.UNER.MA","","","","","","","","","","","","658793","661317","681245","","","","","731167","","","","","","","","","","","","","","","","437203","","","366848","","566674","548136","576600","594328","586026","557921","","","","","","","","533366","","551189","","387074","346211","291329","187859","101352","43811","","",
"Euro area","EMU","Children out of school, primary, male","SE.PRM.UNER.MA","","","","","","","","","","","","","","","","","","","","","","","","","","","","","","","","","","","","","","","","","","","","","","","","","","","","","","","","","","","","","","","","",
"Eritrea","ERI","Children out of school, primary, male","SE.PRM.UNER.MA","","","","","","","","","","","","","","","","","","","","","","","","","","","","","","","","","82159","","80015","79239","78764","80341","","69204","58273","55560","45743","37210","38797","41112","49834","65686","76133","82550","87471","78045","72175","79140","80240","84899","","98469","98598","102195","","","","",
"Spain","ESP","Children out of school, primary, male","SE.PRM.UNER.MA","","","","","","","","","","","","126147","104263","96985","","","","","19562","17707","","","","","","","","","","","","","","","","","","","","","","","","","","","","","6160","13180","26713","29846","34865","40594","45132","49507","48404","45540","40706","33549","29273","28577","","",
"Estonia","EST","Children out of school, primary, male","SE.PRM.UNER.MA","","","","","","","","","","","","","","","","","","","","","","","","","","","","","","","","","","","","9099","7124","","1511","","","","","","","","","","","","","","","","1007","1162","1103","1099","1138","1101","1051","1005","841","",
"Ethiopia","ETH","Children out of school, primary, male","SE.PRM.UNER.MA","","","","","","","","","","","","","","","","","","","","","","","","","","","","2227375","2301271","2477239","","","","","3435616","3432561","3348662","","3283751","3343652","3271945","3159893","3145149","3205722","3161902","2548274","2312651","1975586","1589566","1696471","1880438","1622712","1595595","","1193016","1291133","","","","","","1995326","1954473","",
"European Union","EUU","Children out of school, primary, male","SE.PRM.UNER.MA","","","","","","","","","","","","","","","","","","","","","","","","","","","","","","","","","","","","","","","","","","","","","","","","","","","","","","","","","","","","","","","","",
"Fragile and conflict affected situations","FCS","Children out of school, primary, male","SE.PRM.UNER.MA","","","","","","","","","","","","","","","","","","","","","","","","","","","","","","","","","","","","","","","","","","","","","","","","","","","","","","","","","","","","","","","","",
"Finland","FIN","Children out of school, primary, male","SE.PRM.UNER.MA","","","","","","","","","","","","","","","","","","","","","","","","","","","","","","","","","","1186","1421","1388","1744","961","670","974","1050","2177","2102","1871","1758","1921","2347","2241","2017","2191","2095","1833","2235","2487","2541","2984","3064","3608","3710","4824","4097","2554","3664","",
"Fiji","FJI","Children out of school, primary, male","SE.PRM.UNER.MA","","","","","","","","","","","","","","","","","","","","","","","","","","","","","","","","","6087","","5324","6317","6973","6443","5615","5484","4191","3213","3749","5281","3097","","4827","5970","6669","6587","","6475","5923","6632","4799","3135","1070","","","","","","","",
"France","FRA","Children out of school, primary, male","SE.PRM.UNER.MA","","","","","","","","","","","","32888","32470","","","","","","","38155","49622","","37456","39291","","32935","11854","16975","19526","18586","3450","","","","","","","","","","72517","73823","75192","79580","81089","","","","11188","19927","25514","8639","14744","17614","32595","12578","6482","","","","","","","",
"Faroe Islands","FRO","Children out of school, primary, male","SE.PRM.UNER.MA","","","","","","","","","","","","","","","","","","","","","","","","","","","","","","","","","","","","","","","","","","","","","","","","","","","","","","","","","","","","","","","","",
"Micronesia, Fed. Sts.","FSM","Children out of school, primary, male","SE.PRM.UNER.MA","","","","","","","","","","","","","","","","","","","","","","","","","","","","","","","","","","","","","","","","","","","","","","","","","","","","","","","794","1177","686","819","","747","1284","1238","1211","",
"Gabon","GAB","Children out of school, primary, male","SE.PRM.UNER.MA","","","","","","","","","","","","","","","","2154","","","","","","","","","","","","","","","","","","","","","","12953","","","","","","","","","","","","","","","","","","","","","","38500","","","","",
"United Kingdom","GBR","Children out of school, primary, male","SE.PRM.UNER.MA","","","","","","","","","","","","50809","46262","54758","62667","70211","70933","70493","71956","66631","30172","30596","36958","40187","47512","107815","120173","103529","94050","92610","82735","87137","88877","","","","","","","","","","","","14563","2438","29481","56752","6238","14384","10437","21673","41265","41331","40429","44471","52497","54437","59053","61976","77093","","79397","",
"Georgia","GEO","Children out of school, primary, male","SE.PRM.UNER.MA","","","","","","","","","","","","","","","","","","","","","","","","","","","","","","","","","","","","23683","24738","20382","","","","","","","","","","","","","","","","","","","","","","","","","2792","4099",
"Ghana","GHA","Children out of school, primary, male","SE.PRM.UNER.MA","","","","","","","","","","","","","","","","","","","","","","","","","","","","","","","","","","","","","","","","667787","538177","626172","557074","563154","","463275","446020","364879","285407","304332","","213714","","","351407","317062","397683","174388","202825","150325","286029","466109","","",
"Gibraltar","GIB","Children out of school, primary, male","SE.PRM.UNER.MA","","","","","","","","","","","","","","","","","","","505","514","","501","460","","","","","","","","","","","","","","","","","","","","","","","","","","","","","","","","","","","","","","","","","",
"Guinea","GIN","Children out of school, primary, male","SE.PRM.UNER.MA","","","","","","","","","","","","","","","","","","","","","","","","","274876","263172","281920","299360","301810","310655","323652","329308","","","","","","","320194","320998","321101","313985","270122","257437","245243","242165","235167","223958","233903","221975","185783","155316","160234","143455","110646","172422","119685","","92136","107695","79884","144387","","",
"Gambia, The","GMB","Children out of school, primary, male","SE.PRM.UNER.MA","","","","","","","","","","","","30189","31381","31798","32615","33215","33606","31124","29713","28579","27401","24326","23644","23482","24753","24236","25722","","","","","","46049","45385","","","44322","","46476","37776","43156","45231","48285","47181","49330","54299","50443","50239","59146","","61509","66308","65692","69057","73763","67610","68250","66302","65167","61790","60409","62633","63802","65300",
"Guinea-Bissau","GNB","Children out of school, primary, male","SE.PRM.UNER.MA","","","","","","","","","","","","","","","","","","","","","","34557","27427","","30978","31814","","40863","42596","","","","","","","","","","","","42391","","","","","","","","","","36588","","","","","","","","","","","","","",
"Equatorial Guinea","GNQ","Children out of school, primary, male","SE.PRM.UNER.MA","","","","","","","","","","","","","","","","","","","","","","","","","","","","","","","","","","","14135","","","","","","18324","18541","20507","22810","","","","","40766","41528","42061","41830","42304","","","56137","","","","","","","","",
"Greece","GRC","Children out of school, primary, male","SE.PRM.UNER.MA","","","","","","","","","","","","4698","9012","11951","11834","12534","10231","10576","11523","13860","20152","19061","22519","21641","22669","22587","25899","35369","31697","34026","35001","34757","33568","29570","25660","22597","24474","20170","","","","","","","","","","304","","","","2459","4161","2555","5453","5377","2854","4949","8026","8417","8244","7816","","",
"Grenada","GRD","Children out of school, primary, male","SE.PRM.UNER.MA","","","","","","","","","","","","","1559","","","","","938","774","683","819","1103","1326","1264","1008","","","","","","","","","","","","","","","","","","333","","","701","","288","","","","","","","","","121","","596","","","1439","","",
"Greenland","GRL","Children out of school, primary, male","SE.PRM.UNER.MA","","","","","","","","","","","","","","","","","","","","","","","","","","","","","","","","","","","","","","","","","","","","","","","","","","","","","","","","","","","","","","","","",
"Guatemala","GTM","Children out of school, primary, male","SE.PRM.UNER.MA","","","","","","","","","","","214426","213762","216499","","226294","225441","","","222044","","","200819","229034","207535","","","","","","","","","","","","","","230775","","135130","119958","132766","104483","","60816","48968","36674","28163","28309","","","24379","53714","79184","101044","106070","117236","109249","99511","101956","103987","90146","89725","",
"Guam","GUM","Children out of school, primary, male","SE.PRM.UNER.MA","","","","","","","","","","","","","","","","","","","","","","","","","","","","","","","","","","","","","","","","","","","","","","","","","","","","","","","","","","","","","","","","",
"Guyana","GUY","Children out of school, primary, male","SE.PRM.UNER.MA","","","","","","","","","","","","9647","10094","","10318","","10962","5518","","4918","","","3991","","","","","","","","","3032","3569","4271","","3787","5528","","","","","","","4249","","","","","","1842","","","","","","","","","","","7554","7854","","",
"High income","HIC","Children out of school, primary, male","SE.PRM.UNER.MA","","","","","","","","","","","","","","","","","","","","","","","","","","","","","","","","","","","","","","","","","1473887.5","1433610","1372977.5","1285907.5","1189065","1103555","1021424.5","951623.25","910982.5","905280.25","910535.25","920183.75","931844.25","940425.25","926677.25","892083.75","869539.75","846986","815798.5","792972.75","766612.25","741936.75","719560","716727",
"Hong Kong SAR, China","HKG","Children out of school, primary, male","SE.PRM.UNER.MA","","","","","","","","","","","","42557","38011","37548","33966","30472","29294","27175","28536","27386","13892","12674","12880","12398","13530","15235","","","","","","","","","","20531","19025","","","","","10075","8930","3588","5472","2614","847","2452","","","","","","","1972","1536","3631","5936","16313","","","","","",
"Honduras","HND","Children out of school, primary, male","SE.PRM.UNER.MA","","","","","","","","","","","","","","","","","","","","79385","81811","","55883","56012","56208","","64816","","","","","78933","","74475","","","","","","","86877","","","64412","63476","90488","67966","102758","88174","101126","101111","101867","124747","","156148","152741","147671","138833","128759","127136","133049","151757","","",
"Heavily indebted poor countries (HIPC)","HPC","Children out of school, primary, male","SE.PRM.UNER.MA","","","","","","","","","","","","","","","","","","","","","","","","","","","","","","","","","","","","","","","","","","","","","","","","","","","","","","","","","","","","","","","","",
"Croatia","HRV","Children out of school, primary, male","SE.PRM.UNER.MA","","","","","","","","","","","","","","","","","","","","","","","","","","","","","","","","","","","","","","","15776","6649","","","","35","","","","","","2073","","","","","","","","","","","","","","",
"Haiti","HTI","Children out of school, primary, male","SE.PRM.UNER.MA","","","","","","","","","","","","","","","","","","","","","","265766","244272","233930","255028","233626","231625","287403","","","","","","","","","","255525","","","","","","","","","","","","","","","","","","","","","","","","","","",
"Hungary","HUN","Children out of school, primary, male","SE.PRM.UNER.MA","","","","","","","","","","","","","","","","","","","","","","","","","","","","","","","","","","","","","55673","29812","437","657","6994","4697","","","","","131","394","930","2700","3813","4683","3359","4880","7038","8611","9993","9395","8456","8092","7848","7102","","",
"IBRD only","IBD","Children out of school, primary, male","SE.PRM.UNER.MA","","","","","","","","","","","","","","","","","","","","","","","","","","","","","","","","","","","","","","","","","","","","","","","","","","","","","","","","","","","","","","","","",
"IDA & IBRD total","IBT","Children out of school, primary, male","SE.PRM.UNER.MA","","","","","","","","","","","","","","","","","","","","","","","","","","","","","","","","","","","","","","","","","","","","","","","","","","","","","","","","","","","","","","","","",
"IDA total","IDA","Children out of school, primary, male","SE.PRM.UNER.MA","","","","","","","","","","","","","","","","","","","","","","","","","","","","","","","","","","","","","","","","","","","","","","","","","","","","","","","","","","","","","","","","",
"IDA blend","IDB","Children out of school, primary, male","SE.PRM.UNER.MA","","","","","","","","","","","","","","","","","","","","","","","","","","","","","","","","","","","","","","","","","","","","","","","","","","","","","","","","","","","","","","","","",
"Indonesia","IDN","Children out of school, primary, male","SE.PRM.UNER.MA","","","","","","","","","","","","2290116","2288942","","2272313","2330718","2103980","","1126115","","","575457","","","","","","","","4067","262041","414811","493337","613616","445933","416203","644224","656786","","","","381252","439161","399841","474011","478423","236256","","117332","","","","","157299","222446","","360524","427793","667448","","","","","",
"IDA only","IDX","Children out of school, primary, male","SE.PRM.UNER.MA","","","","","","","","","","","","","","","","","","","","","","","","","","","","","","","","","","","","","","","","","","","","","","","","","","","","","","","","","","","","","","","","",
"Isle of Man","IMN","Children out of school, primary, male","SE.PRM.UNER.MA","","","","","","","","","","","","","","","","","","","","","","","","","","","","","","","","","","","","","","","","","","","","","","","","","","","","","","","","","","","","","","","","",
"India","IND","Children out of school, primary, male","SE.PRM.UNER.MA","","","","","","","","","","","","10552260","","","","","","","","","","","","","","","","","","","6510760","","","","","","","","","","6301261","3036169","4479528","4207649","","","","","","1388611","897434","1407921","550673","","","","3294559","4380744.5","4453746","5009873","2868354.5","1627908.125","","815165.0625",
"Not classified","INX","Children out of school, primary, male","SE.PRM.UNER.MA","","","","","","","","","","","","","","","","","","","","","","","","","","","","","","","","","","","","","","","","","","","","","","","","","","","","","","","","","","","","","","","","",
"Ireland","IRL","Children out of school, primary, male","SE.PRM.UNER.MA","","","","","","","","","","","","12337","13000","12321","14624","16013","16671","17509","18534","20255","21198","22220","22287","22009","","","22546","23341","21986","21107","19697","18832","17668","16209","15065","14406","15012","","","228","","778","","","","","","","","","","","","","","","","","","","","","","",
"Iran, Islamic Rep.","IRN","Children out of school, primary, male","SE.PRM.UNER.MA","","","","","","","","","","","","","","","","","","","","","","","","","204114","241899","258690","263490","246203","264130","","","","","","","","28697","","419388","464349","","","","","","","","","","","","","","","","37390","9754","","22003","75606","","","",
"Iraq","IRQ","Children out of school, primary, male","SE.PRM.UNER.MA","","","","","","","","","","","","178018","177524","177128","167805","189265","86173","86512","86722","6867","10934","58178","","123724","","122590","96920","70618","61430","54957","","","","254668","","","381584","","","169227","230175","","","195175","215648","","","134623","","","","","","","","","","","","","","","","",
"Iceland","ISL","Children out of school, primary, male","SE.PRM.UNER.MA","","","","","","","","","","","","","","","","","","","","","","","","","","","","","","","","","","","85","","24","146","119","132","24","","80","35","48","14","50","213","233","235","174","180","166","176","174","227","187","186","166","221","239","255","","",
"Israel","ISR","Children out of school, primary, male","SE.PRM.UNER.MA","","","","","","","","","","","","","","","","","","","","","","","","","","","","","","","","","","","","","","","","","10218","14237","13793","16383","15733","17312","17856","17046","18041","8773","8005","7413","7302","7821","10304","11290","12549","15633","17006","19632","21005","20069","","",
"Italy","ITA","Children out of school, primary, male","SE.PRM.UNER.MA","","","","","","","","","","","","","","","","","72572","","","9754","","","","","","18624","","","","","","","","","","","","","","","","","","","","","","","","","","","3513","13226","17917","21489","23539","22105","20378","20536","18761","20490","","",
"Jamaica","JAM","Children out of school, primary, male","SE.PRM.UNER.MA","","","","","","","","","","","","","","","","","7764","10139","","6937","7822","6741","","3799","6353","8535","10177","7129","15252","11224","11512","13552","","18010","","","","","","23945","20492","19740","21098","22257","16596","17015","","","","","","","","","","","","","","","17978","19824","10459","",
"Jordan","JOR","Children out of school, primary, male","SE.PRM.UNER.MA","","","","","","","","","","","","","18012","10013","3626","","","","","","1963","5530","5311","15471","19791","25425","","","","","","","","","","","","","","40227","42520","","47575","50505","54380","56546","59658","97431","90047","","74204","69853","68804","49644","","","","","","","","","","",
"Japan","JPN","Children out of school, primary, male","SE.PRM.UNER.MA","","","","","","","","","","","","2464","66296","","80212","55179","5686","","","89653","","","","","","","","","","","","","","","","","","","","","","","","","","","","","","","","","","","","","","","","","","","","",
"Kazakhstan","KAZ","Children out of school, primary, male","SE.PRM.UNER.MA","","","","","","","","","","","","","","","","","","","","","","","","","","","","","","","","","","","","","","","","","21625","","","","","","1820","9654","16113","17415","18486","11206","6343","9792","13732","17735","25875","19404","18923","15439","65028","72465","74558","37888",
"Kenya","KEN","Children out of school, primary, male","SE.PRM.UNER.MA","","","","","","","","","","","","","","","","","","","","","","","","","","","","","","","","","","","","","","","","995964","956742","744360","721218","394981","429115","410177","436342","111087","274145","205123","","","649602","","","","","","","","","","","",
"Kyrgyz Republic","KGZ","Children out of school, primary, male","SE.PRM.UNER.MA","","","","","","","","","","","","","","","","","","","","","","","","","","","","","","","","","","","","","17552","","","18981","24749","21158","18771","18702","7345","12729","10664","9655","8077","9197","7455","8433","5815","2966","1322","2026","2310","3484","1127","3615","11168","14940","17339","1014",
"Cambodia","KHM","Children out of school, primary, male","SE.PRM.UNER.MA","","","","","","","","","","","","","","","","","","","","","","","","","","","","","","","","","","","","","","88118","74886","43179","","","","","","","","","","","42573","","","","62839","70854","65844","68715","58656","52630","62274","90163","144927","",
"Kiribati","KIR","Children out of school, primary, male","SE.PRM.UNER.MA","","","","","","","","","","","","","","","","","","","","332","","160","","158","207","113","205","325","","156","","","","232","","","","43","","","","","","","","","","","","","","","","","","","","","","","505","","","",
"St. Kitts and Nevis","KNA","Children out of school, primary, male","SE.PRM.UNER.MA","","","","","","","","","","","","","","","","","","","","","","","","","","146","182","","","","","","","","","","","","","","","","","","","","","","51","","","","","","","","","","","","","","","",
"Korea, Rep.","KOR","Children out of school, primary, male","SE.PRM.UNER.MA","","","","","","","","","","","","229745","176757","171502","155362","144793","127924","177204","199048","163570","123019","91248","41655","3005","17256","21556","58789","72545","110331","103449","74086","56618","15131","","","","","9461","","","62037","55035","52198","32299","35801","19505","16145","7655","","23944","","15256","17643","32742","40484","1956","9913","25692","26049","12418","18502","18877","13453","",
"Kuwait","KWT","Children out of school, primary, male","SE.PRM.UNER.MA","","","","","","","","","","","","21412","22537","22261","22501","22984","23422","22539","15749","17228","21423","22959","22880","24786","29138","33103","36938","45214","46233","","","","34186","","20462","","18368","19969","9734","8939","7659","5612","1865","","","3291","","","","","","","3268","7276","10511","","","","","","","","","",
"Latin America & Caribbean (excluding high income)","LAC","Children out of school, primary, male","SE.PRM.UNER.MA","","","","","","","","","","","","","","","","","","","","","","","","","","","","","","","","","","","","","","","","","","","","","","","","","","","","","","","","","","","","","","","","",
"Lao PDR","LAO","Children out of school, primary, male","SE.PRM.UNER.MA","","","","","","","","","","","","","","","","","","","","","","","","","","","","","","","","","124802","112568","102964","","104574","98607","86950","86633","84210","86617","78102","63194","59997","55594","52408","47380","43208","38436","20319","20780","20803","13532","11458","15778","16424","20435","21278","19680","20102","20041","29190","",
"Lebanon","LBN","Children out of school, primary, male","SE.PRM.UNER.MA","","","","","","","","","","","","","","","8588","","","","","","","","","","","","","","","","","","","","","","","105072","74713","","","","","","","","","","","","","","","","","","","","","","","","","",
"Liberia","LBR","Children out of school, primary, male","SE.PRM.UNER.MA","","","","","","","","","","","","","","","","","","","","","","","","","","","","","","","","","","","","","","","","99918","","","","","","","","","174833","","","196000","","","36963","","78041","104146","","","138334","","","",
"Libya","LBY","Children out of school, primary, male","SE.PRM.UNER.MA","","","","","","","","","","","","34447","29512","28894","27186","24361","12434","6567","4835","","","","","","","","","","","","","","","","","","","","","","","","","","","","","","","","","","","","","","","","","","","","","",
"St. Lucia","LCA","Children out of school, primary, male","SE.PRM.UNER.MA","","","","","","","","","","","","","","","","","","","","","","1192","1157","229","420","","","","","","1933","","","","","","","","","","809","545","","","377","646","419","416","487","434","566","709","700","515","707","558","611","684","651","595","629","435","","",
"Latin America & Caribbean","LCN","Children out of school, primary, male","SE.PRM.UNER.MA","","","","","","","","","","","","","","","","","","","","","","","","","","","","","","","","","","","","","","","","","","","","","","","","","","","","","","","","","","","","","","","","",
"Least developed countries: UN classification","LDC","Children out of school, primary, male","SE.PRM.UNER.MA","","","","","","","","","","","","","","","","","","","","","","","","","","","","","","","","","","","","","","","","","","","","","","","","","","","","","","","","","","","","","","","","",
"Low income","LIC","Children out of school, primary, male","SE.PRM.UNER.MA","","","","","","","","","","","","","","","","","","","","","","","","","","","","","","","","","","","","","","","","","12455750","12186025","11965600","11785850","11643300","11425900","11246850","11029750","10832050","10676750","10682075","10729100","10774700","10872000","10988325","11126425","11297225","11534625","11852500","12170425","12440450","12711925","13280975","13470525",
"Liechtenstein","LIE","Children out of school, primary, male","SE.PRM.UNER.MA","","","","","","","","","","","","","","","","","","","","","","","","","","","","","","","","","","","","","","","","","","","","","","","","","","","","","","","27","","","","","","","","","",
"Sri Lanka","LKA","Children out of school, primary, male","SE.PRM.UNER.MA","","","","","","","","","","","","","","","","","","","","","","","","","","","","","","","","","","","","","","","","","","18237","17932","22469","58129","35120","36784","42777","51667","71482","59220","61319","65195","59465","56658","32611","25331","23953","26997","32557","26257","37419","","",
"Lower middle income","LMC","Children out of school, primary, male","SE.PRM.UNER.MA","","","","","","","","","","","","","","","","","","","","","","","","","","","","","","","","","","","","","","","","","40158152","37885276","36006600","34653276","33750752","32879500","31788024","30520024","29022400","27884600","26450876","25018500","24032550","23463524","22870876","22290424","21673176","21010950","20279676","19487576","18717350","18256900","17899524","17754624",
"Low & middle income","LMY","Children out of school, primary, male","SE.PRM.UNER.MA","","","","","","","","","","","","","","","","","","","","","","","","","","","","","","","","","","","","","","","","","","","","","","","","","","","","","","","","","","","","","","","","",
"Lesotho","LSO","Children out of school, primary, male","SE.PRM.UNER.MA","","","","","","","","","","","53740","","58410","57911","51029","","51007","50552","58347","59293","60489","61722","59010","62419","64655","64699","66881","64793","64084","65657","67690","66403","66384","70527","69365","71624","72480","","83520","87140","47425","43729","38674","34830","35225","33035","29360","31914","29779","30382","27402","25078","23731","22417","23624","23639","22439","19002","","","","","44681","48765",
"Late-demographic dividend","LTE","Children out of school, primary, male","SE.PRM.UNER.MA","","","","","","","","","","","","","","","","","","","","","","","","","","","","","","","","","","","","","","","","","","","","","","","","","","","","","","","","","","","","","","","","",
"Lithuania","LTU","Children out of school, primary, male","SE.PRM.UNER.MA","","","","","","","","","","","","","","","","","","","","","","","","","","","","","","","","","","","","","","","2257","","","","","42","","","","","","","","","","","","","","","","","","136","","",
"Luxembourg","LUX","Children out of school, primary, male","SE.PRM.UNER.MA","","","","","","","","","","","","","1468","1727","1353","1579","1599","1574","1560","","","2731","2032","2115","2171","","2254","2790","2271","","","","","","","","","","","671","1010","590","515","823","792","514","522","614","659","","846","1055","421","600","580","550","580","709","424","268","320","320","","",
"Latvia","LVA","Children out of school, primary, male","SE.PRM.UNER.MA","","","","","","","","","","","","","","","","","","","","","","","","","","","","","","","","","","","","","","","","","","","","","","","","","","523","529","461","927","1222","1341","1424","1293","1187","981","949","1005","994","1104","",
"Macao SAR, China","MAC","Children out of school, primary, male","SE.PRM.UNER.MA","","","","","","","","","","","","","","","","","","","","","","","","","","","","","","","2488","","4182","","","","","","","2798","2456","2948","2073","2054","1804","1966","2240","1843","1547","1446","1276","956","1227","1057","808","875","550","","625","1361","2138","2866","4222","",
"St. Martin (French part)","MAF","Children out of school, primary, male","SE.PRM.UNER.MA","","","","","","","","","","","","","","","","","","","","","","","","","","","","","","","","","","","","","","","","","","","","","","","","","","","","","","","","","","","","","","","","",
"Morocco","MAR","Children out of school, primary, male","SE.PRM.UNER.MA","","","","","","","","","","","","","","","","560023","539202","490877","458615","441596","422415","408349","433029","418762","391295","424014","462221","507273","548412","601260","604447","736351","735113","693918","643594","583100","528961","498442","552521","315438","278212","248838","223425","196576","204996","200130","189607","187248","198498","232822","160880","130547","138376","109892","122434","","118433","93279","64709","42275","","","","",
"Monaco","MCO","Children out of school, primary, male","SE.PRM.UNER.MA","","","","","","","","","","","","","","","","","","","","","","","","","","","","","","","","","","","","","","","","","","","","","","","","","","","","","","","","","","","","","","","","",
"Moldova","MDA","Children out of school, primary, male","SE.PRM.UNER.MA","","","","","","","","","","","","","","","","","","","","","","","","","","","","","","","","","","","","","","","","","8873","3993","4415","731","1564","4311","6991","7035","6226","6224","6466","5847","6067","6010","","","","","","","","","","",
"Madagascar","MDG","Children out of school, primary, male","SE.PRM.UNER.MA","","","","","","","","","","","","","192244","","","","","","","","","","","","","","","","","291671","310628","","","","","478615","452530","","","433572","432959","439492","451943","347193","","","","","","","","","","","","","","","","149406","105046","","","",
"Maldives","MDV","Children out of school, primary, male","SE.PRM.UNER.MA","","","","","","","","","","","","","","","","","","","","","","","","","","","","","","","","","","","","","","1888","","1400","1219","","1145","","","","","","1922","","1865","1637","1743","2038","1574","","1664","1657","1474","1268","1080","","","",
"Middle East & North Africa","MEA","Children out of school, primary, male","SE.PRM.UNER.MA","","","","","","","","","","","","","","","","","","","","","","","","","","","","","","","","","","","","","","","","","","","","","","","","","","","","","","","","","","","","","","","","",
"Mexico","MEX","Children out of school, primary, male","SE.PRM.UNER.MA","","","","","","","","","","","","916310","","","","","","","","","","","","","","","","","","","","","","","","","","57830","81091","","","","","","","","","","","","","","","","","","","","","","","","","",
"Marshall Islands","MHL","Children out of school, primary, male","SE.PRM.UNER.MA","","","","","","","","","","","","","","","","","","","","","","","","","","","","","","","","","","","","","","","","","","","1081","","","","","","","","","","","","","321","229","","","","172","143","127","",
"Middle income","MIC","Children out of school, primary, male","SE.PRM.UNER.MA","","","","","","","","","","","","","","","","","","","","","","","","","","","","","","","","","","","","","","","","","","","","","","","","","","","","","","","","","","","","","","","","",
"North Macedonia","MKD","Children out of school, primary, male","SE.PRM.UNER.MA","","","","","","","","","","","","","","","","","","","","","","","","","","","","","","","","","","","","","","","3980","3116","","","2280","3645","4431","5371","6871","6467","9576","8874","6979","","7043","6445","4572","2254","","2568","2745","5364","4909","5359","5805","",
"Mali","MLI","Children out of school, primary, male","SE.PRM.UNER.MA","","","","","","","","","","","","349829","","","","","","","","","","","","","","","","","","","","","","","","","","","","481327","","","438144","443783","473463","409871","411961","405910","","355155","365684","379383","435469","","536271","600028","594094","536900","704537","","","","","",
"Malta","MLT","Children out of school, primary, male","SE.PRM.UNER.MA","","","","","","","","","","","","1131","376","601","616","662","431","694","544","687","1041","1356","1632","1589","1428","824","833","737","859","736","552","367","310","351","589","449","474","495","","","","","","","","","","","","","","","","","","","","120","41","249","460","719","1047","",
"Myanmar","MMR","Children out of school, primary, male","SE.PRM.UNER.MA","","","","","","","","","","","","682568","","535019","766645","","","","663415","","","","","","","","","","","","","","","","","","","","","","217252","198197","256970","192213","194950","174876","141000","","87235","77500","70664","","","","","","","","","","","","","",
"Middle East & North Africa (excluding high income)","MNA","Children out of school, primary, male","SE.PRM.UNER.MA","","","","","","","","","","","","","","","","","","","","","","","","","","","","","","","","","","","","","","","","","","","","","","","","","","","","","","","","","","","","","","","","",
"Montenegro","MNE","Children out of school, primary, male","SE.PRM.UNER.MA","","","","","","","","","","","","","","","","","","","","","","","","","","","","","","","","","","","","","","","","","","","","594","","228","604","937","880","","","","337","","","46","376","306","","","42","280","","",
"Mongolia","MNG","Children out of school, primary, male","SE.PRM.UNER.MA","","","","","","","","","","","","","","","","","","","","","","","","","","","","","","","","","","","","20728","16957","22285","17460","14712","12650","10676","10240","15833","6310","10716","5690","5314","2530","2954","1823","2451","3951","5887","6636","6707","5740","7236","5785","7751","10161","11556","11786","",
"Northern Mariana Islands","MNP","Children out of school, primary, male","SE.PRM.UNER.MA","","","","","","","","","","","","","","","","","","","","","","","","","","","","","","","","","","","","","","","","","","","","","","","","","","","","","","","","","","","","","","","","",
"Mozambique","MOZ","Children out of school, primary, male","SE.PRM.UNER.MA","","","","","","","","","","","","","","350724","","","","","","386104","","430210","439101","320912","","315405","319092","425811","","416220","","410172","438897","452218","464520","490992","","","684393","647513","606740","545703","663284","","442830","358079","292696","187272","118658","102603","70685","124060","111766","75677","56795","19836","78356","137097","48876","","","","","",
"Mauritania","MRT","Children out of school, primary, male","SE.PRM.UNER.MA","","","","","","","","","","","","","","","","","","","","","","","","","","","","","","","","","","","95967","85363","82438","","82981","88401","92609","89065","96537","93106","79554","84721","77497","74898","83433","81256","79863","82018","91948","89786","90461","","115725","107178","102921","121633","","","","",
"Mauritius","MUS","Children out of school, primary, male","SE.PRM.UNER.MA","","","","","","","","","","","","","11446","11793","12068","11704","11160","7001","6689","6936","5541","4284","1736","1986","3076","2608","6270","5855","6335","6385","7346","8798","","6516","5855","5744","4917","4399","1274","","","","","","","497","930","1497","1546","2042","1972","1789","3268","2318","1442","1110","","677","556","685","222","1710","","",
"Malawi","MWI","Children out of school, primary, male","SE.PRM.UNER.MA","","","","","","","","","","","","","","","","","","","","","","","","","","","","","","","","","","","","","","","","","","","","","","","","24838","","","","","","","","","","","","","","","","",
"Malaysia","MYS","Children out of school, primary, male","SE.PRM.UNER.MA","","","","","","","","","","","46283","48759","32713","","","","","","","","","","","","","","","","","","","","","","","","","","","","","39112","94354","107930","76621","65545","127672","105213","86548","100645","86549","86564","69763","59244","67918","80944","71721","62666","48669","70119","61344","73212","85302","",
"North America","NAC","Children out of school, primary, male","SE.PRM.UNER.MA","","","","","","","","","","","","","","","","","","","","","","","","","","","","","","","","","","","","","","","","","","","","","","","","","","","","","","","","","","","","","","","","",
"Namibia","NAM","Children out of school, primary, male","SE.PRM.UNER.MA","","","","","","","","","","","","","","","","","","","","","","","","","","","","","","20534","20262","","13024","","","","","","15803","19935","20873","21436","20447","20473","23480","20595","22091","16169","14749","12525","10620","","4812","395","","","","","","","","","","",
"New Caledonia","NCL","Children out of school, primary, male","SE.PRM.UNER.MA","","","","","","","","","","","","","","","","","","","","","","","1063","800","814","1533","1546","1476","658","327","538","476","","","","","","","","","","","","","","","","","","","","","","","","","","","","","","","","",
"Niger","NER","Children out of school, primary, male","SE.PRM.UNER.MA","","","","","","","","","","","","","","371661","378059","","","","","","","","","","","","423984","","","485061","498941","510349","546208","","","","","600023","616749","619517","634521","618243","603480","589842","572635","603902","617995","634970","625561","599309","564293","518178","529923","483414","507022","493033","490981","456672","717213","662156","","759182","796959","896623",
"Nigeria","NGA","Children out of school, primary, male","SE.PRM.UNER.MA","","","","","","","","","","","","","","","","","","","","","","","","","","","","","","","","","","","","","","","","2878616","2680516","","","","3076233","3141676","3276269","2652443","3683185","3709492","3919005","","","","","","","","","","","","","",
"Nicaragua","NIC","Children out of school, primary, male","SE.PRM.UNER.MA","","","","","","","","","","","","97677","","104439","","","","","","","107727","","118683","121442","128432","123007","129943","126817","129205","136094","126368","116860","106909","104609","102265","112128","","","","81660","71684","57381","29173","","17876","14484","28961","30964","27179","","31821","","","","","","","","","","","","","",
"Netherlands","NLD","Children out of school, primary, male","SE.PRM.UNER.MA","","","","","","","","","","","","64264","63406","64428","65210","65794","66058","66316","66190","65319","61842","61139","59929","60859","60976","62624","35525","36926","39056","40065","40850","41631","42910","46309","4486","4060","4482","5635","","","","","","","","","","","","","","","","","","","","1529","1913","1276","1587","1748","","",
"Norway","NOR","Children out of school, primary, male","SE.PRM.UNER.MA","","","","","","","","","","","","","","","","","3676","3622","3014","3184","","3212","2805","","1646","1525","1077","1518","1696","1638","1791","1975","2030","2964","2837","2231","1965","33159","1762","1323","1693","1418","1573","1790","1831","2038","1944","1125","622","417","601","427","970","472","875","1193","1636","1480","1701","1952","2506","2326","","",
"Nepal","NPL","Children out of school, primary, male","SE.PRM.UNER.MA","","","","","","","","","","","","","","","","","","","","","","","","222765","220708","","","","176920","","","","","","","","","","","464919","392457","","","290594","252046","","","","","","","","","","","","","","","","","","","",
"Nauru","NRU","Children out of school, primary, male","SE.PRM.UNER.MA","","","","","","","","","","","","","","","","","","","","","","","","","","","","","","","","","","","","","","","","","","","","","","","","","","","","","146","","54","","82","","","","269","","131","",
"New Zealand","NZL","Children out of school, primary, male","SE.PRM.UNER.MA","","","","","","","","","","","","","","","","135","","636","","","","","301","500","","","724","","","","","2659","3108","","1024","","250","476","","","","","","","","","","","","","","","","1322","1726","2205","2467","2561","2809","2145","2793","2884","","",
"OECD members","OED","Children out of school, primary, male","SE.PRM.UNER.MA","","","","","","","","","","","","","","","","","","","","","","","","","","","","","","","","","","","","","","","","","","","","","","","","","","","","","","","","","","","","","","","","",
"Oman","OMN","Children out of school, primary, male","SE.PRM.UNER.MA","","","","","","","","","","","","","","47749","45013","39894","41479","","37612","37068","","36840","37176","38498","34639","37007","38311","38615","44502","46940","48772","49649","49056","44243","42324","40847","39367","39264","37783","36113","27278","26140","23080","19892","","","","","","721","","","3003","2211","3520","6704","8379","5689","2802","4410","17917","20146","21136","",
"Other small states","OSS","Children out of school, primary, male","SE.PRM.UNER.MA","","","","","","","","","","","","","","","","","","","","","","","","","","","","","","","","","","","","","","","","","","","","","","","","","","","","","","","","","","","","","","","","",
"Pakistan","PAK","Children out of school, primary, male","SE.PRM.UNER.MA","","","","","","","","","","","","","","","","","","","","","","","","","","","","","","","","","","","","","","","","","","","","","","","","","","","","","","","","","","","","","","3233319","","",
"Panama","PAN","Children out of school, primary, male","SE.PRM.UNER.MA","","","","","","","","","","","31613","22226","19631","17491","","16108","17342","","13587","15802","16469","17976","18940","20156","20001","19110","18495","18053","20791","19857","21128","","","","","","","","","12357","9877","6195","867","","","","","","","5300","4235","7846","9745","13680","19268","22702","","28925","","28743","25508","10076","","",
"Peru","PER","Children out of school, primary, male","SE.PRM.UNER.MA","","","","","","","","","","","210104","","","","","","","","","","","119723","","","","","","","","","","","","175366","","271760","","","51735","29473","20326","10331","","29079","","","","","3146","1914","","","","","","","36674","75106","71776","32743","","","","",
"Philippines","PHL","Children out of school, primary, male","SE.PRM.UNER.MA","","","","","","","","","","","","","","","","","296315","","","","","319742","405053","480996","388632","","367198","307510","272720","199800","69264","","","","","","","","272538","589149","","621779","656069","684989","750669","741765","857855","899402","812895","621749","","","","","446232","472876","540690","569635","585771","502733","488853","821274","752911","",
"Palau","PLW","Children out of school, primary, male","SE.PRM.UNER.MA","","","","","","","","","","","","","","","","","","","","","","","","","","","","","","","","","","","","","","","","","","","","","","","","","","","","","","","13","","","","","","","","","",
"Papua New Guinea","PNG","Children out of school, primary, male","SE.PRM.UNER.MA","","","","","","","","","","","","","","","","","","","","","","","","","","","","","","88372","","","","","","","","","","","","","","","","","","","","","","","","","","","64268","","","","","","","",
"Poland","POL","Children out of school, primary, male","SE.PRM.UNER.MA","","","","","","","","","","","","","","","","","","","","","","","","","","","","","","","","","","","","","","","","13964","19967","13538","13898","13052","14062","14576","17472","23724","28701","32488","31396","35091","37680","41683","45772","","","58388","60129","45584","12442","1834","","",
"Pre-demographic dividend","PRE","Children out of school, primary, male","SE.PRM.UNER.MA","","","","","","","","","","","","","","","","","","","","","","","","","","","","","","","","","","","","","","","","","","","","","","","","","","","","","","","","","","","","","","","","",
"Puerto Rico","PRI","Children out of school, primary, male","SE.PRM.UNER.MA","","","","","","","","","","","","","","","","","","","","","","","","","","","","","","","","","","","","","","","","","","","","","","","","","","","14833","17306","12715","8695","7091","5164","9138","","6065","","","","","",
"Korea, Dem. People's Rep.","PRK","Children out of school, primary, male","SE.PRM.UNER.MA","","","","","","","","","","","","","","","","","","","","","","","","","","","","","","","","","","","","","","","","","","","","","","","","","","","","","","","","","","","","","","","","",
"Portugal","PRT","Children out of school, primary, male","SE.PRM.UNER.MA","","","","","","","","","","","","","","59842","59639","","37360","28225","18143","","18323","16824","","","22743","","","","","","","","","","","","","","","","","","","","","","","","","","","","","","","3088","4399","3989","3194","1213","","","","",
"Paraguay","PRY","Children out of school, primary, male","SE.PRM.UNER.MA","","","","","","","","","","","34187","","64125","","","41761","37818","34691","29776","26162","21078","18117","","17694","17980","16685","17915","14805","9425","4905","","","31530","","17288","","11325","","","","","","","5480","","","","5018","9434","14294","13181","14578","15694","","","","47725","","","","47559","47809","47069","",
"West Bank and Gaza","PSE","Children out of school, primary, male","SE.PRM.UNER.MA","","","","","","","","","","","","","","","","","","","","","","","","","","","","","","","","","","","","","","","","19624","14525","16897","14925","15514","16438","21650","25279","28579","25428","23119","20081","20826","15410","17340","13152","13200","11556","6905","9124","11312","13933","19707","25046","",
"Pacific island small states","PSS","Children out of school, primary, male","SE.PRM.UNER.MA","","","","","","","","","","","","","","","","","","","","","","","","","","","","","","","","","","","","","","","","","","","","","","","","","","","","","","","","","","","","","","","","",
"Post-demographic dividend","PST","Children out of school, primary, male","SE.PRM.UNER.MA","","","","","","","","","","","","","","","","","","","","","","","","","","","","","","","","","","","","","","","","","","","","","","","","","","","","","","","","","","","","","","","","",
"French Polynesia","PYF","Children out of school, primary, male","SE.PRM.UNER.MA","","","","","","","","","","","","","","","","","","","","","","","","1835","1814","1688","","","","716","1132","","","1394","","1197","1255","","","","","","","","","","","","","","","","","","","","","","","","","","","",
"Qatar","QAT","Children out of school, primary, male","SE.PRM.UNER.MA","","","","","","","","","","","","2102","3548","4577","5353","","6090","5360","4819","4493","3854","3476","2676","2920","2423","2517","2599","2266","2052","1339","699","1272","1496","2487","2056","","","","","","2447","","5846","6623","4025","3464","4308","2685","","","","1889","353","2101","3544","2791","1134","","","1389","1765","","","",
"Romania","ROU","Children out of school, primary, male","SE.PRM.UNER.MA","","","","","","","","","","","","","","","","","","","","","","","","","","","","","","","","","","124335","85548","67462","52286","50044","","","2648","2162","6325","19738","24618","33460","28828","29570","14537","5331","9944","17308","26154","","","14124","48364","49945","44760","39605","10954","46951","","",
"Russian Federation","RUS","Children out of school, primary, male","SE.PRM.UNER.MA","","","","","","","","","","","","","","","","","","","","","","","","","","","","","","","","","","","184092","324134","","","","","","","","","","","175847","180005","136300","149293","","143607","89246","97457","96412","38209","32386","","","","","","90739","",
"Rwanda","RWA","Children out of school, primary, male","SE.PRM.UNER.MA","","","","","","","","","","","","","","154371","161730","173711","","170002","167161","","","","","","","","","","","","","","","","","","","","","251046","","","132517","95572","","","","","","","","","","","","","61414","67744","78274","89590","","99143","","",
"South Asia","SAS","Children out of school, primary, male","SE.PRM.UNER.MA","","","","","","","","","","","","","","","","","","","","","","","","","","","","","","","","","","","","","","","","","","","","","","","","","","","","","","","","","","","","","","","","",
"Saudi Arabia","SAU","Children out of school, primary, male","SE.PRM.UNER.MA","","","","","","","","","","","","","","","","","","","","455823","","","","","","","","","","","","","","","","","","","","","","","","","","","","","","313621","","","","130628","104745","64407","","","","","45499","60526","40075","",
"Sudan","SDN","Children out of school, primary, male","SE.PRM.UNER.MA","","","","","","","","","","","","","","","","","","","","","","","","","","","","","","","","","","","","","","","","","","","","","","","","","","","","934541","1186352","1193615","1250835","1283650","1311388","1203156","1048939","","","","","",
"Senegal","SEN","Children out of school, primary, male","SE.PRM.UNER.MA","","","","","","","","","","","","","","","","","","","280163","276623","280902","284772","285752","285454","292180","299955","269263","","287269","","318364","","337686","","","","332546","307259","296510","307000","293353","","","254806","291752","291342","279169","270970","279203","292398","298324","305888","292355","315414","316871","327511","","","","386465","382882","432607","456317","",
"Singapore","SGP","Children out of school, primary, male","SE.PRM.UNER.MA","","","","","","","","","","","","","","","","","","","","","","","","","","","","","","","","","","","","","","","","","","","","","","","","","","","","","","","","","","","326","","","693","","",
"Solomon Islands","SLB","Children out of school, primary, male","SE.PRM.UNER.MA","","","","","","","","","","","","","","","","","","","","","","","","","","","","","","","","","","","","","","","","","","","","","","10613","9250","9208","","","","","","","","","","","3353","5218","","","","",
"Sierra Leone","SLE","Children out of school, primary, male","SE.PRM.UNER.MA","","","","","","","","","","","","","","","","","","","","","","","","158032","","","","","","","","","","","","","","","","","","","","","","","","","","","","","41726","","","16023","","","","","","","","",
"El Salvador","SLV","Children out of school, primary, male","SE.PRM.UNER.MA","","","","","","","","","","","104283","","","","","","","","","","","","","","","","","","","","","","","","","","","","114072","","47233","41326","30590","25355","","","","","","","","","","","28552","30537","33721","","","","","","","",
"San Marino","SMR","Children out of school, primary, male","SE.PRM.UNER.MA","","","","","","","","","","","","","","","","","","","","26","16","17","","","29","17","32","","","","","","","","","","20","25","","","50","","","","","","","","94","85","","","61","","","","","","","","21","17","","",
"Somalia","SOM","Children out of school, primary, male","SE.PRM.UNER.MA","","","","","","","","","","","","","","","","","275562","287373","302967","336642","383179","","","","","","","","","","","","","","","","","","","","","","","","","","","","","","","","","","","","","","","","","","","",
"Serbia","SRB","Children out of school, primary, male","SE.PRM.UNER.MA","","","","","","","","","","","","","","","","","","","","","","","","","","","","","","","","","","","","","","","","","","","","","","","","","2148","6241","9691","5134","5093","4552","","","683","955","2059","2268","3276","5402","17317","",
"Sub-Saharan Africa (excluding high income)","SSA","Children out of school, primary, male","SE.PRM.UNER.MA","","","","","","","","","","","","","","","","","","","","","","","","","","","","","","","","","","","","","","","","","","","","","","","","","","","","","","","","","","","","","","","","",
"South Sudan","SSD","Children out of school, primary, male","SE.PRM.UNER.MA","","","","","","","","","","","","","","","","","","","","","","","","","","","","","","","","","","","","","","","","","","","","","","","","","","","","408730","","","","524456","","","","","","","","",
"Sub-Saharan Africa","SSF","Children out of school, primary, male","SE.PRM.UNER.MA","","","","","","","","","","","","","","","","","","","","","","","","","","","","","","","","","","","","","","","","","","","","","","","","","","","","","","","","","","","","","","","","",
"Small states","SST","Children out of school, primary, male","SE.PRM.UNER.MA","","","","","","","","","","","","","","","","","","","","","","","","","","","","","","","","","","","","","","","","","","","","","","","","","","","","","","","","","","","","","","","","",
"Sao Tome and Principe","STP","Children out of school, primary, male","SE.PRM.UNER.MA","","","","","","","","","","","","","","","","","","","","","","","","170","46","","","","68","","","","","","","","","","","2423","","","557","551","396","270","","1210","1126","1241","1160","791","1063","1320","1303","1314","","438","","","","","","",
"Suriname","SUR","Children out of school, primary, male","SE.PRM.UNER.MA","","","","","","","","","","","","","","","","","","1839","1010","","","","","","","1761","","3147","3224","2053","","","","","","","","","","","","","","","","4272","4299","5426","4385","4140","4974","5865","5710","5849","6201","5404","5014","6176","5893","5159","4763","6332","","",
"Slovak Republic","SVK","Children out of school, primary, male","SE.PRM.UNER.MA","","","","","","","","","","","","","","","","","","","","","","","","","","","","","","","","","","","","","","","","","","602","2663","2776","2969","3309","3992","3675","4261","4926","5221","5887","6238","6585","7318","7288","7998","7090","8631","7397","6024","5183","3503","",
"Slovenia","SVN","Children out of school, primary, male","SE.PRM.UNER.MA","","","","","","","","","","","","","","","","","","","","","","","","","","","","","","","","","","","","2167","1630","1571","705","809","1540","1021","1251","1098","1464","861","769","1556","1292","1200","1198","1254","1193","1206","1160","1042","1476","1393","1044","897","679","1071","833","",
"Sweden","SWE","Children out of school, primary, male","SE.PRM.UNER.MA","","","","","","","","","","","","","","","","","15029","","","","","","6100","","","","","3927","3807","3294","2089","1632","","","","","","","","","","892","213","","","","","","","445","1538","6498","1101","2725","4211","2629","1184","","1524","2665","2524","1913","2172","",
"Eswatini","SWZ","Children out of school, primary, male","SE.PRM.UNER.MA","","","","","","","","","","","19550","19993","19435","18350","18419","17813","17828","17591","18165","18394","","17016","17357","19458","19792","19657","21681","22474","23284","25116","24116","24796","24751","26617","26925","25354","28106","","","","","","","","","","","","","16078","9751","2902","8471","11874","9986","10122","9525","11518","9630","9089","","","","",
"Sint Maarten (Dutch part)","SXM","Children out of school, primary, male","SE.PRM.UNER.MA","","","","","","","","","","","","","","","","","","","","","","","","","","","","","","","","","","","","","","","","","","","","","","","","","","","","","","","","","","","","","","","","",
"Seychelles","SYC","Children out of school, primary, male","SE.PRM.UNER.MA","","","","","","","","","","","","","","","","","","","","857","","","","","","","","","","","","","","214","","175","131","","","","","482","229","199","365","158","","","","","","","","","","21","152","217","207","240","170","194","108","",
"Syrian Arab Republic","SYR","Children out of school, primary, male","SE.PRM.UNER.MA","","","","","","","","","","","","60089","","18437","9453","12109","10067","20853","43380","53811","60339","66220","71913","69877","57457","48662","38283","7579","6623","1783","728","","","","","","1930","12561","","","","","","","","","","","","","","","","426247","","","","","","","555243","534818","436379","333602",
"Turks and Caicos Islands","TCA","Children out of school, primary, male","SE.PRM.UNER.MA","","","","","","","","","","","","","","","","","","","","","","","","","","","","","","","","","","","","","","141","","115","58","","58","225","157","115","","","","","","","","","110","47","","","","","","","","",
"Chad","TCD","Children out of school, primary, male","SE.PRM.UNER.MA","","","","","","","","","","","","","","","","208299","","219569","","","","","","","","","","","242079","","","","","","","","","281861","258896","269717","280428","285275","260733","260258","","","","","","","","306910","","128093","","147226","249834","339169","274778","299709","","289316","300130","",
"East Asia & Pacific (IDA & IBRD countries)","TEA","Children out of school, primary, male","SE.PRM.UNER.MA","","","","","","","","","","","","","","","","","","","","","","","","","","","","","","","","","","","","","","","","","","","","","","","","","","","","","","","","","","","","","","","","",
"Europe & Central Asia (IDA & IBRD countries)","TEC","Children out of school, primary, male","SE.PRM.UNER.MA","","","","","","","","","","","","","","","","","","","","","","","","","","","","","","","","","","","","","","","","","","","","","","","","","","","","","","","","","","","","","","","","",
"Togo","TGO","Children out of school, primary, male","SE.PRM.UNER.MA","","","","","","","","","","","","60386","62361","","","","","","38446","38548","40535","","52110","64713","84555","93060","110840","79446","80836","81415","81426","76782","","","75136","51106","25787","42581","","","","16049","1093","18840","10247","17160","6427","31107","28066","","","","","","28901","19922","36455","37505","31382","30848","3500","","","",
"Thailand","THA","Children out of school, primary, male","SE.PRM.UNER.MA","","","","","","","","","","","","","","850115","854717","","","","","","","","","","","","","","","","","","","","","","","","","","","","","","","","","","","","","","","","","","","","75281","44254","65763","41458","","33433",
"Tajikistan","TJK","Children out of school, primary, male","SE.PRM.UNER.MA","","","","","","","","","","","","","","","","","","","","","","","","","","","","","","","","","","","","","","","","","","","","","","","","","","2338","9114","20232","26797","30163","32192","28930","23612","13241","","","","","","",
"Turkmenistan","TKM","Children out of school, primary, male","SE.PRM.UNER.MA","","","","","","","","","","","","","","","","","","","","","","","","","","","","","","","","","","","","","","","","","","","","","","","","","","","","","","","","","","","","","","","","",
"Latin America & the Caribbean (IDA & IBRD countries)","TLA","Children out of school, primary, male","SE.PRM.UNER.MA","","","","","","","","","","","","","","","","","","","","","","","","","","","","","","","","","","","","","","","","","","","","","","","","","","","","","","","","","","","","","","","","",
"Timor-Leste","TLS","Children out of school, primary, male","SE.PRM.UNER.MA","","","","","","","","","","","","","","","","","","","","","","","","","","","","","","","","","","","","","","","","","","","","","","","","","11301","7257","6683","4697","7355","7802","9267","9504","9613","7305","7937","8625","7842","","","",
"Middle East & North Africa (IDA & IBRD countries)","TMN","Children out of school, primary, male","SE.PRM.UNER.MA","","","","","","","","","","","","","","","","","","","","","","","","","","","","","","","","","","","","","","","","","","","","","","","","","","","","","","","","","","","","","","","","",
"Tonga","TON","Children out of school, primary, male","SE.PRM.UNER.MA","","","","","","","","","","","855","616","206","","1018","621","","","261","","","","989","2017","850","1046","943","","","","1014","","","958","","","","","879","507","","","","","48","211","38","","","","","","187","369","","","","","","","","","","",
"South Asia (IDA & IBRD)","TSA","Children out of school, primary, male","SE.PRM.UNER.MA","","","","","","","","","","","","","","","","","","","","","","","","","","","","","","","","","","","","","","","","","","","","","","","","","","","","","","","","","","","","","","","","",
"Sub-Saharan Africa (IDA & IBRD countries)","TSS","Children out of school, primary, male","SE.PRM.UNER.MA","","","","","","","","","","","","","","","","","","","","","","","","","","","","","","","","","","","","","","","","","","","","","","","","","","","","","","","","","","","","","","","","",
"Trinidad and Tobago","TTO","Children out of school, primary, male","SE.PRM.UNER.MA","","","","","","","","","","","","9300","8366","8126","7782","7106","5421","5518","8922","13778","16353","12641","10995","12159","12645","13007","15776","14988","15033","15883","17984","15674","14951","15272","","","13648","13904","","4235","2417","2697","7107","5932","4533","6853","","2520","7080","6100","6323","","","","","","","","","","","","","",
"Tunisia","TUN","Children out of school, primary, male","SE.PRM.UNER.MA","","","","","","","","","","","","34265","","","","58120","","","68692","67086","60403","60442","60278","55189","49841","52813","49051","42557","41367","37465","42780","39641","41304","41653","42631","41167","44080","48733","","45227","41184","37808","26158","24150","23845","31018","25944","24438","18483","14678","10249","13349","","","","","","","","","","10448","13923","",
"Turkiye","TUR","Children out of school, primary, male","SE.PRM.UNER.MA","","","","","","","","","","","","","","","483962","","","","","","","","","","","","","","","","","","","","188607","237640","","249479","","","","","","","","","","","","","","","","","8934","37939","52329","23713","","","","","","",
"Tuvalu","TUV","Children out of school, primary, male","SE.PRM.UNER.MA","","","","","","","","","","","","","","","","","","","","","","","","","","","","","","","","","","","","","","","","","","","","","","","","","","","","","","","","","","","","67","84","","19","",
"Tanzania","TZA","Children out of school, primary, male","SE.PRM.UNER.MA","","","","","","","","","","","","","","","","","","","","","","584073","723118","795519","","1011096","1094518","1159425","1240857","1258977","1292295","1320948","1325318","1357327","1478573","1575089","1579683","1510495","1560982","1565703","1489264","1352399","837346","540779","401933","251915","71470","","41804","","320727","","587151","748382","897932","1061546","951358","992106","1149915","1034894","1045436","986684","","",
"Uganda","UGA","Children out of school, primary, male","SE.PRM.UNER.MA","","","","","","","","","","","","","","","","","","","","807615","","800186","805590","","","","626989","","","","","","","","","","","","","","","","","","","","","","","222522","350687","242280","251048","205179","267980","561417","509502","529892","","","","","","",
"Ukraine","UKR","Children out of school, primary, male","SE.PRM.UNER.MA","","","","","","","","","","","","","","","","","","","","","","","","","","","","","","","","","","","","","","","","","","","16408","81786","76081","67742","64771","61051","62053","66280","67189","75107","87905","98199","108651","149916","157214","161828","167700","161934","160632","155113","","",
"Upper middle income","UMC","Children out of school, primary, male","SE.PRM.UNER.MA","","","","","","","","","","","","","","","","","","","","","","","","","","","","","","","","","","","","","","","","","5152382.5","5007927.5","4920780","4862237.5","5458587.5","5124710","4750187.5","4405702.5","4142612.5","3825240","3718082.5","3577037.5","3511112.5","3521245","3602040","3694395","3716777.5","3773562.5","3875075","4001450","4147352.5","4248957.5","4386512.5","4425595",
"Uruguay","URY","Children out of school, primary, male","SE.PRM.UNER.MA","","","","","","","","","","","","","","","","","","","","","","","","","23391","","","","","","","12299","9604","9110","10538","10656","11527","10299","","","","","","","","297","3807","8198","5274","4194","2935","1686","1926","502","6874","820","","","","","","","","",
"United States","USA","Children out of school, primary, male","SE.PRM.UNER.MA","","","","","","","","","","","","","","","","","","","","","","","","","","","","","","","","","","","","","","","","","","","","","","104076","","","","","","","","334205","","214356","36772","","64864","123016","245238","500796","517634","",
"Uzbekistan","UZB","Children out of school, primary, male","SE.PRM.UNER.MA","","","","","","","","","","","","","","","","","","","","","","","","","","","","","","","","","","","","","","","","","","","","","","","","60460","40937","47436","48171","49255","47260","40699","22263","4891","","","","","5851","21092","48304","54189",
"St. Vincent and the Grenadines","VCT","Children out of school, primary, male","SE.PRM.UNER.MA","","","","","","","","","","","","","","","","","","","","","","","","","1044","","963","","","","","","","","405","","","","","","361","","347","479","456","488","","57","","","","","","","","","","","","","","","","",
"Venezuela, RB","VEN","Children out of school, primary, male","SE.PRM.UNER.MA","","","","","","","","","","","","","","","","","","","","","","","","","","","","","","","","","","","","","","","","209448","171511","140955","80894","110769","107936","124302","123311","101196","142831","114868","105874","104884","84612","93674","127109","134163","185780","225682","","","","","","",
"British Virgin Islands","VGB","Children out of school, primary, male","SE.PRM.UNER.MA","","","","","","","","","","","","","","","","","","","","","","","","131","113","53","","","","","12","","","","","","","","","","189","","","","","105","136","","","","","","29","","","683","618","","161","559","","","","",
"Virgin Islands (U.S.)","VIR","Children out of school, primary, male","SE.PRM.UNER.MA","","","","","","","","","","","","","","","","","","","","","","","","","","","","","","","","","","","","","","","","","","","","","","","","","","","","","","","","","","","","","","","","",
"Viet Nam","VNM","Children out of school, primary, male","SE.PRM.UNER.MA","","","","","","","","","","","","","","","","","","","","","","","","","","","","","","","","","","","","","","","","","","","","","","","","","","","","","","","","","","","","","","","","",
"Vanuatu","VUT","Children out of school, primary, male","SE.PRM.UNER.MA","","","","","","","","","","","","","","","","","","","","","","1564","","","","","","","","3305","","","","","","","","","","1825","1501","1374","1238","1284","1505","735","","","","","","","","","","1088","","","","1415","1938","1280","2182","",
"World","WLD","Children out of school, primary, male","SE.PRM.UNER.MA","","","","","","","","","","","","","","","","","","","","","","","","","","","","","","","","","","","","","","","","","","","","","","","","","","","","","","","","","","","","","","","","",
"Samoa","WSM","Children out of school, primary, male","SE.PRM.UNER.MA","","","","","","","","","","","","","","","","","","","","","","","","","","","","","","","","","","","986","","","","1394","1689","1192","557","","","","","","1201","","838","283","776","975","","294","","","","","426","997","","","",
"Kosovo","XKX","Children out of school, primary, male","SE.PRM.UNER.MA","","","","","","","","","","","","","","","","","","","","","","","","","","","","","","","","","","","","","","","","","","","","","","","","","","","","","","","","","","","","","","","","",
"Yemen, Rep.","YEM","Children out of school, primary, male","SE.PRM.UNER.MA","","","","","","","","","","","","","","","","","","","","","","","","","","","","","","","","","","","","","","","","613520","","","","421228","379953","372391","","","459937","","366720","","334422","344773","","","474511","","","","","","","",
"South Africa","ZAF","Children out of school, primary, male","SE.PRM.UNER.MA","","","","","","","","","","","677546","","","","","","","","","","","","","","","","","","","","","557475","","","738758","796191","","","852226","851435","891009","834572","756314","668040","591426","533465","","","","","","","","","","","","250667","354967","377824","443577","464406","","",
"Zambia","ZMB","Children out of school, primary, male","SE.PRM.UNER.MA","","","","","","","","","","","","","77473","","","","84105","89771","101368","109375","113386","115876","117855","108686","101665","","97287","","114369","","","","","","187890","212521","","","258612","277712","291914","306425","282085","","163318","80186","109881","67889","","108375","144129","94841","83777","122756","","","","255352","","","","","","",
"Zimbabwe","ZWE","Children out of school, primary, male","SE.PRM.UNER.MA","","","","","","","","","","","","","","","","","","","","","","","","","","","","","","","","","","","","","","","114574","67332","43165","6619","37685","55378","","","","","","","","","52896","67086","68996","187189","171670","209582","208754","213202","198320","","","",
